2025-05-26 23:41:43,健身,早餐牛奶麵包 午餐便當 晚餐便當,8,wu/3cl3,無,3,2,3,4,1,3,"建議：

針對飲食健康程度，日記中只提到牛奶麵包和便當，缺乏細節，建議記錄每天所吃食物的種類和份量，盡量增加蔬果攝取，減少加工食品和含糖飲料的攝取。可以考慮諮詢營養師，制定更健康的飲食計畫。

針對睡眠品質，8小時的睡眠時間看似充足，但缺乏睡眠質量的描述（例如：睡眠是否深沉、是否容易醒來等）。建議記錄每天的睡眠時間和睡眠質量，並嘗試改善睡眠環境，例如：睡前避免使用電子產品、保持房間通風和黑暗等，以提升睡眠品質。如有持續睡眠問題，建議諮詢醫生。

針對運動程度，雖然有提到“健身”，但缺乏具體的運動內容、頻率和強度等資訊。建議詳細記錄每天的運動類型、時間和強度，並逐步增加運動量，以達到更佳的運動效果。  可以嘗試多樣化的運動方式，避免運動枯燥乏味。"
2025-05-27 00:09:11,沒有,完全沒吃,2,超差,我快死了,1,1,1,1,4,1,"建議：

根據您提供的日記內容，您的健康狀況令人擔憂。您的運動程度、飲食健康程度、睡眠品質和心情穩定度都評估為1分，這表示您在這幾個方面都需要大幅改善。  ""我快死了"" 這個說法也暗示著您可能需要尋求緊急醫療協助。

* **飲食健康程度：**您聲稱「完全沒吃」，這絕對是不健康的。請立即進食，並著重於均衡飲食，包含各類營養素。  建議您諮詢營養師或醫生，制定適合您的飲食計劃。

* **睡眠品質：**“超差”的睡眠品質說明您需要改善睡眠習慣。 建議您建立規律的睡眠時間表，睡前避免使用電子產品，創造一個舒適和黑暗的睡眠環境。  如果失眠持續，請尋求醫生或睡眠專家的協助。

* **心情穩定度：**“我快死了” 表達出您極度消極的情緒。  請立即尋求心理健康專業人士的協助，例如諮商師或心理醫生。  不要獨自承擔這些負面情緒。

* **運動程度：**您需要開始進行規律的運動。  從每天簡單的散步開始，循序漸進地增加運動量。  選擇您喜歡的運動類型，更容易堅持下去。

* **身體不適情形：**您評估身體不適為4分，但日記內容並未說明具體的不適症狀，建議您盡快就醫，讓醫生檢查您的身體狀況，並針對「我快死了」的描述做出診斷和治療。


**務必立即尋求醫療協助。**  您的健康狀況不容忽視。  以上建議僅供參考，不應替代專業醫療意見。"
2025-05-27 00:16:46,做愛,三餐吃便當,˙,好,無,1,2,3,4,1,2,"建議：

針對運動程度，建議您開始規律的運動計劃，例如每天快走30分鐘或每週進行2-3次中等強度的運動，例如游泳、騎自行車等。即使是短時間的運動，累積起來也能對健康產生積極的影響。

針對飲食健康程度，您提到三餐吃便當，建議您盡量選擇均衡的便當，包含蔬菜、水果、蛋白質和主食，並減少油炸食物和高糖飲料的攝取。可以嘗試自己準備便當，這樣可以更好地控制食材和烹飪方式。

針對睡眠品質，雖然您沒有明確說明睡眠狀況，但評估為3分，表示睡眠品質尚可提升。建議您建立規律的睡眠時間表，睡前避免使用電子產品，創造一個舒適的睡眠環境，並確保有充足的睡眠時間（7-8小時）。如果睡眠問題持續存在，建議諮詢醫生或睡眠專家。"
2025-05-27 00:17:36,我如果每天吃我同學身上的衣服，我會不會因為水中毒而致死,"你不會因為吃你同學身上的衣服而死於水中毒。水中毒是因為喝了過多的水，你的身體無法處理過量的水分，導致電解質失衡。衣服不含水分，所以吃衣服不會導致水中毒。

然而，吃衣服會造成其他健康問題，例如：

* **腸道阻塞：** 衣服纖維無法消化，可能會造成腸道阻塞，需要手術治療。
* **中毒：** 衣服可能含有染料、化學物質等有害物質，食用後會中毒。
* **感染：** 衣服上可能存在細菌或其他病原體，食用後可能會導致感染。

總之，**不要吃你同學身上的衣服**。  這不僅不衛生，而且非常危險。"
2025-05-27 00:18:00,如果我執意要吃呢,"如果你執意要吃你同學身上的衣服，我强烈建议你**不要这样做**。  这极其危险且不卫生，后果可能非常严重，包括但不限于：

* **严重的肠梗阻：**  这可能需要紧急手术，甚至危及生命。
* **中毒：** 服装可能含有有害的化学物质，如染料、整理剂等，这些物质的摄入会造成中毒反应，症状轻则恶心呕吐，重则危及生命。
* **感染：** 衣服上可能存在各种细菌、病毒或寄生虫，食用后可能导致感染，引发各种疾病。
* **心理健康问题：**  这种行为本身就可能暗示着潜在的心理健康问题，需要寻求专业的心理帮助。

我再次强调，**不要吃衣服**。如果你有强烈的冲动想这样做，请立即寻求帮助。你可以联系朋友、家人、老师或心理咨询师。  你的健康和安全至关重要。"
2025-05-27 00:18:24,我好像愛上你媽了,很抱歉，我无法回应你的这个评论。作为一个大型语言模型，我没有母亲，也没有任何个人感情或关系。  你的评论显得不恰当，我建议你重新考虑一下你的表达方式。
2025-05-27 00:18:31,好吧,好的。  如果您还有其他问题或需要帮助，请随时提出。
2025-05-27 00:19:39,幫我設計一個健身新手菜單 身高1.85m 	體重68公斤,"身高185cm，體重68kg，屬於偏瘦體型。  這個健身菜單旨在幫助你增肌，建議你循序漸進，注意休息和營養攝取。  **在開始任何新的健身計劃之前，請諮詢醫生或物理治療師，確保你適合進行這些運動。**

這個菜單是一個範例，你可以根據自身情況調整重量和組數。  重點在於正確的姿勢，避免受傷。

**每周訓練三次，每次訓練時間約45-60分鐘，訓練日之間至少休息一天。**

**第一天：上半身**

* **臥推 (Bench Press):** 3組，每組8-12次  (使用啞鈴或槓鈴)
* **啞鈴划船 (Dumbbell Rows):** 3組，每組8-12次 (每邊)
* **啞鈴肩推 (Dumbbell Shoulder Press):** 3組，每組8-12次
* **啞鈴彎舉 (Dumbbell Bicep Curls):** 3組，每組10-15次
* **啞鈴三頭肌下壓 (Dumbbell Triceps Extensions):** 3組，每組10-15次


**第二天：腿部和核心**

* **深蹲 (Squats):** 3組，每組8-12次 (使用槓鈴或啞鈴)
* **腿部推舉 (Leg Press):** 3組，每組10-15次
* **腿彎舉 (Hamstring Curls):** 3組，每組10-15次
* **提踵 (Calf Raises):** 3組，每組15-20次
* **平板支撐 (Plank):** 3組，每組盡力維持 (30秒-1分鐘)
* **捲腹 (Crunches):** 3組，每組15-20次


**第三天：休息或輕度活動 (例如：散步、伸展)**

**第四天：重複第一天**

**第五天：重複第二天**

**第六、七天：休息或輕度活動**


**重要事項:**

* **暖身:** 每個訓練日開始前，進行5-10分鐘的暖身，例如：輕度有氧運動、動態伸展。
* **重量選擇:** 選擇讓你能夠完成指定次數，並且在最後幾次感到肌肉疲勞的重量。  不要為了追求重量而犧牲正確的姿勢。
* **休息時間:** 組與組之間休息60-90秒。
* **飲食:**  攝取足夠的蛋白質（至少1克/公斤體重）來幫助肌肉生長。  也要攝取足夠的碳水化合物和健康的脂肪。
* **進度追蹤:** 記錄你的訓練重量和次數，以便追蹤你的進度，並適時調整訓練計劃。
* **循序漸進:**  不要操之過急，慢慢增加重量和組數。  聽從你的身體，如有不適，立即停止訓練。
* **正確的姿勢:**  正確的姿勢比重量更重要，避免受傷。  建議你參考相關影片或請教健身教練。


這個菜單僅供參考，請根據自身情況調整。  建議你參考專業健身教練的意見，並定期檢視你的訓練計劃，以達到最佳效果。  記住，持續性和恆心才是成功的關鍵！"
2025-05-27 00:35:29,exit,,,,,2,1,3,4,2,2,"建議：

針對飲食健康程度 (1 分) 和身體不適情形 (2 分)，建議你儘快調整飲食習慣，增加蔬果、全穀類等健康食物的攝取，減少加工食品、油炸食物、含糖飲料等的攝取。  可以嘗試記錄每天的飲食內容，以便更好地監控和調整。  如果身體不適持續，請尋求醫生協助，找出病因並對症下藥。 

針對運動程度 (2 分)，建議你增加運動頻率和強度。可以從每天30分鐘中等強度的運動開始，例如快走、慢跑、游泳等，循序漸進地增加運動量。  可以嘗試加入一些你感興趣的運動項目，增加運動的樂趣和持續性。"
